id;title;short_description;content;created_by;updated_by;image;is_active
1;Cambridgeshire payment Baby;solutions Frozen Grenada;copying;63376;65340;engineer Metal;1
2;Bahamas;e-commerce edge Granite;withdrawal Suriname interface;62108;64022;Borders Industrial Concrete;1
3;Home;Strategist channels;bleeding-edge Branding;67255;92769;Soap convergence Wells;1
4;IB Table Direct;CSS;Tasty Summit;35002;65839;Avon;1
5;Loaf;open-source Synergized Baby;payment cyan Shoes;29236;31457;redundant intuitive blockchains;1
6;Horizontal back;Euro virtual;Data Granite Maine;51247;88116;connecting withdrawal;1
7;North;Fantastic forecast Optimization;Borders Shoes hard;17423;18970;Dynamic Keyboard;1
8;District Cotton;Grenadines Cambridgeshire Account;invoice intranet Rupee;60453;6865;Connecticut Maine;1
9;Berkshire teal Loan;leading-edge Books;Gorgeous sky Buckinghamshire;28369;78027;Croatia;1
10;Outdoors Bike;heuristic technologies;Chair;10547;22136;e-business empower;1
