id;full_name;address;phone;objective;birthday;email;gender;avatar;modified_by;modified_date
1;connecting microchip;Handmade;898-885-6189;Haiti;2022-07-10;Delilah_Jones82@yahoo.com;1;User-centric;48314;Cambridgeshire Books maximized
2;architectures transmit;Assistant AGP Generic;1-292-721-1451;cultivate Dynamic;2022-07-11;Eliane95@hotmail.com;1;magnetic time-frame;34340;multi-byte Awesome schemas
3;disintermediate engineer;generate virtual Account;(683) 768-5250;strategize Florida;2022-07-11;Gussie.Koepp8@hotmail.com;1;Computer Cotton user-centric;52212;pixel feed
4;driver Steel;quantify Sleek;(437) 649-4126;copy;2022-07-11;Declan31@yahoo.com;1;models;86292;Executive CSS hacking
5;Industrial Island;Account;959-426-7739 x3502;Cambridgeshire Loan connecting;2022-07-11;Amira_Streich31@yahoo.com;1;Rustic Creative Hills;97412;Intelligent HTTP Rubber
6;Point Licensed application;Configuration strategic;(902) 673-2792 x84658;transmit Specialist payment;2022-07-11;Mariam_Harvey@yahoo.com;1;Cotton parsing Account;46602;Plastic Harbors maximize
7;Unbranded Face;Shoes grow azure;349-612-7159;calculating;2022-07-11;Audreanne15@yahoo.com;1;Clothing Usability Track;67368;Fantastic invoice Corporate
8;up Forint TCP;Buckinghamshire Chief;1-832-780-7355;salmon;2022-07-10;Elwin.Tromp@hotmail.com;1;Shirt neural Chicken;56985;Baby
9;calculate Green hard;Usability Dynamic Assistant;(826) 478-3540 x0370;Account;2022-07-11;Baron.Walter@yahoo.com;1;next-generation Health utilisation;19420;world-class
10;Garden bandwidth Small;deposit Distributed;1-514-467-5257;transmitting payment Frozen;2022-07-10;Noemi_Watsica@gmail.com;1;payment;24087;calculate Interactions
