id;title;short_description;content;created_date;created_by;image;is_display
1;technologies Computer;hack Tasty internet;index;2022-07-10;28955;Small;1
2;deposit maximize;bricks-and-clicks Franc Directives;Bahrain platforms Platinum;2022-07-11;65917;Sausages Kids Unbranded;1
3;pixel e-services;emulation;Account platforms;2022-07-10;66225;Soft Reverse-engineered;1
4;CSS Cheese;contextually-based interfaces;Fresh;2022-07-10;50985;payment;1
5;Bedfordshire;multimedia Applications;Forint connect;2022-07-11;54941;Up-sized Customer PNG;1
6;stable RAM;throughput;Incredible;2022-07-11;57255;Fish Inverse matrix;1
7;District firewall back-end;Cove Chips Right-sized;Lodge;2022-07-10;11368;Branch Keyboard compress;1
8;Senior;Liaison secondary;PNG;2022-07-11;55920;compress;1
9;bypass;Illinois superstructure online;withdrawal deposit throughput;2022-07-11;36833;Security Assimilated Paradigm;1
10;Practical Bulgarian;Uzbekistan;Avon;2022-07-11;27068;calculate Lead;1
