id;profile_id;experience;short_description;social_account
1;9466;actuating function neutral;Executive;HTTP empower
2;20294;wireless Security;Springs;Frozen Dam
3;61930;red;Quality-focused;navigate state dynamic
4;68579;Sum Liaison;contingency;Legacy Metrics
5;22290;Soft strategic;drive Cayman haptic;calculating Incredible
6;85514;Arkansas FTP grey;Fantastic;Kids optimizing Directives
7;58332;Fish architectures;Utah Metal Dram;Bacon
8;24565;Automotive Savings;Shoes;Avon networks
9;46307;engineer efficient;Rufiyaa;functionalities
10;67542;Representative Jamaica;Dollar Fresh;transmit Refined
